Transaction ID,Date,Time,Type,Name,Emoji,Category,Amount,Currency,Local amount,Local currency,Notes and #tags,Address,Receipt,Description,Category split,Money Out,Money In
tx_00009zsyTaao9r3XASOp2v,06/10/2020,13:02:43,Faster payment,MEHTA A R,,,1.00,GBP,1.00,GBP,WELCOME,,,WELCOME,,,1.00
tx_00009zuzVz3oe9T2NFH8YU,07/10/2020,12:23:47,Faster payment,MEHTA A R,,,500.00,GBP,500.00,GBP,WELCOME,,,WELCOME,,,500.00
tx_00009zv19wz7so2Wzv8Do1,07/10/2020,12:42:13,Card payment,TfL Travel Charge,üöÜ,Transport,-6.70,GBP,-6.70,GBP,,,,TfL Travel Charge      TFL.gov.uk/CP GBR,,-6.70,
tx_00009zxgVk9ikLw2sx2v33,08/10/2020,19:34:59,Card payment,Co-op,üçè,Groceries,-1.57,GBP,-1.57,GBP,,Boston Manor Road,,CO-OP GROUP FOOD       BRENTFORD     GBR,,-1.57,
tx_00009zxgVnQqZ8faghV00A,08/10/2020,19:34:59,Pot transfer,Savings Pot,,,-0.43,GBP,-0.43,GBP,,,,Round up,,-0.43,
tx_0000A018ohwSaA7PiCYRNK,10/10/2020,11:36:17,Card payment,Transport for London,üöá,Transport,-7.10,GBP,-7.10,GBP,"Travel charge for Friday, 9 Oct",50 Victoria Street,,TFL TRAVEL CH\VICTORIA STREET\TFL.GOV.UK/CP\SW1H 0TL     GBR,,-7.10,
tx_0000A018opRCiFs0xZzald,10/10/2020,11:36:17,Pot transfer,Savings Pot,,,-0.90,GBP,-0.90,GBP,,,,Round up,,-0.90,
tx_0000A01gC3UvttfJgo9IG2,10/10/2020,17:50:16,Card payment,Co-op,üçè,Groceries,-4.10,GBP,-4.10,GBP,,Boston Manor Road,,CO-OP GROUP FOOD       BRENTFORD     GBR,,-4.10,
tx_0000A01gC9CigXJz1GzHGc,10/10/2020,17:50:17,Pot transfer,Savings Pot,,,-0.90,GBP,-0.90,GBP,,,,Round up,,-0.90,
tx_0000A01vwQDdFtxwSOJODJ,10/10/2020,20:46:43,Card payment,Co-op,üçè,Groceries,-2.95,GBP,-2.95,GBP,,Boston Manor Road,,CO-OP GROUP FOOD       BRENTFORD     GBR,,-2.95,
tx_0000A01vwUIk4qmv5IMKEz,10/10/2020,20:46:44,Pot transfer,Savings Pot,,,-0.05,GBP,-0.05,GBP,,,,Round up,,-0.05,
tx_0000A03oiUlJFxcXSohyMr,11/10/2020,18:35:11,Card payment,Circuit Laundry,üëï,General,-2.60,GBP,-2.60,GBP,,,,NYA*Circuit Laundrette London        GBR,,-2.60,
tx_0000A03oiYoICoQs2mPCHx,11/10/2020,18:35:12,Pot transfer,Savings Pot,,,-0.40,GBP,-0.40,GBP,,,,Round up,,-0.40,
tx_0000A03seegQpKksYiXTVJ,11/10/2020,19:19:19,Card payment,Circuit Laundry,üëï,General,-1.30,GBP,-1.30,GBP,,,,NYA*Circuit Laundrette London        GBR,,-1.30,
tx_0000A03seiEvbX9MW3gtcJ,11/10/2020,19:19:20,Pot transfer,Savings Pot,,,-0.70,GBP,-0.70,GBP,,,,Round up,,-0.70,
tx_0000A07vA58RVTi6RtuDnW,13/10/2020,18:06:15,Card payment,ICU Reynolds Bar,üçª,Eating out,-8.00,GBP,-8.00,GBP,,Prince Consort Road,,ICU REYNOLDS BAR        GREAT BRITAI GBR,,-8.00,
tx_0000A08VVJUiuWsRRL1OSo,14/10/2020,00:53:28,Card payment,TfL Travel Charge,üöÜ,Transport,-7.10,GBP,-7.10,GBP,,,,TfL Travel Charge      TFL.gov.uk/CP GBR,,-7.10,
tx_0000A08VVLjgZs2AOK2N3x,14/10/2020,00:53:29,Pot transfer,Savings Pot,,,-0.90,GBP,-0.90,GBP,,,,Round up,,-0.90,
tx_0000A09Q84E9Cf3LwmnNZq,14/10/2020,11:27:57,Card payment,Co-op,üçè,Groceries,-5.10,GBP,-5.10,GBP,,Boston Manor Road,,CO-OP GROUP FOOD       BRENTFORD     GBR,,-5.10,
tx_0000A09Q8AHufZ4JaVrSrr,14/10/2020,11:27:58,Pot transfer,Savings Pot,,,-0.90,GBP,-0.90,GBP,,,,Round up,,-0.90,
tx_0000A09qnSwAplPC8NJmSY,14/10/2020,16:26:46,Card payment,Morrisons,üçè,Groceries,-1.06,GBP,-1.06,GBP,,228-246 High Street,,WM MORRISONS PLC       BRENTFORD     GBR,,-1.06,
tx_0000A09qnXhT7rZ4sfCp18,14/10/2020,16:26:47,Pot transfer,Savings Pot,,,-0.94,GBP,-0.94,GBP,,,,Round up,,-0.94,
tx_0000A0C2jIFuC5Orc4FCMr,15/10/2020,17:49:54,Card payment,Uber,üöñ,Transport,0.00,GBP,0.00,GBP,Active card check,,,Uber Rides             Amsterdam     GBR,,0.00,
tx_0000A0C2k8LiVjSWJHpnLH,15/10/2020,17:50:03,Card payment,Uber Eats,üçΩ,Transport,-8.06,GBP,-8.06,GBP,,,,UBER   * PENDING       Amsterdam     GBR,,-8.06,
tx_0000A0C2kDdcqZF5a8mRkn,15/10/2020,17:50:04,Pot transfer,Savings Pot,,,-0.94,GBP,-0.94,GBP,,,,Round up,,-0.94,
tx_0000A0K5TIcgujd73uloDh,19/10/2020,14:58:19,Card payment,Co-op,üçè,Groceries,-23.15,GBP,-23.15,GBP,,Boston Manor Road,,CO-OP GROUP FOOD       BRENTFORD     GBR,,-23.15,
tx_0000A0K5TLvacvWtJOdRar,19/10/2020,14:58:19,Pot transfer,Savings Pot,,,-0.85,GBP,-0.85,GBP,,,,Round up,,-0.85,
tx_0000A0K8VcHp4nt8Z7WcBl,19/10/2020,15:32:21,Monzo.me / Top-up,,,General,15.00,GBP,15.00,GBP,,,,yiping lin,,,15.00
tx_0000A0NiEcIDykvHikfDGM,21/10/2020,08:56:47,Card payment,Transport for London,üöá,Transport,-3.00,GBP,-3.00,GBP,"Travel charge for Tuesday, 20 Oct",50 Victoria Street,,TFL TRAVEL CH\VICTORIA STREET\TFL.GOV.UK/CP\SW1H 0TL     GBR,,-3.00,
tx_0000A0O2DbKO50TiyqWpKT,21/10/2020,12:40:42,Card payment,Circuit Laundry,üëï,General,-2.60,GBP,-2.60,GBP,,,,NYA*Circuit Laundrette London        GBR,,-2.60,
tx_0000A0O2DfSKjOjiS73vW7,21/10/2020,12:40:43,Pot transfer,Savings Pot,,,-0.40,GBP,-0.40,GBP,,,,Round up,,-0.40,
tx_0000A0O6CI14nFZtHauZSD,21/10/2020,13:25:17,Card payment,Circuit Laundry,üëï,General,-1.30,GBP,-1.30,GBP,,,,NYA*Circuit Laundrette London        GBR,,-1.30,
tx_0000A0O6CLc3QDwIR9Ee0X,21/10/2020,13:25:18,Pot transfer,Savings Pot,,,-0.70,GBP,-0.70,GBP,,,,Round up,,-0.70,
tx_0000A0QLiM0LO8PWQ3OIOv,22/10/2020,15:28:35,Faster payment,A D Bainbridge,,Eating out,-13.70,GBP,-13.70,GBP,Pizza,,,Pizza,,-13.70,
tx_0000A0S807HxpUiBQ0s3LF,23/10/2020,12:04:21,Card payment,Costa Coffee,‚òï,Eating out,-4.05,GBP,-4.05,GBP,,465 Caledonian Road,,COSTA COFFEE           LONDON        GBR,,-4.05,
tx_0000A0S80BqqrjDUjyG3t3,23/10/2020,12:04:21,Pot transfer,Savings Pot,,,-0.95,GBP,-0.95,GBP,,,,Round up,,-0.95,
tx_0000A0Sf4poNX9kWVyDe3l,23/10/2020,18:14:58,Card payment,Tesco,üçè ,General,-7.05,GBP,-7.05,GBP,,Caledonian Road,,TESCO STORES 6187      LONDON        GBR,,-7.05,
tx_0000A0Sf4t7zCiDSnePqXR,23/10/2020,18:14:58,Pot transfer,Savings Pot,,,-0.95,GBP,-0.95,GBP,,,,Round up,,-0.95,
tx_0000A0UG8jgQ9SWbdu5d6v,24/10/2020,12:44:57,Card payment,Apple,üçé ,Entertainment,0.00,GBP,0.00,GBP,Active card check,,,APPLE.COM/BILL         APPLE.COM/BIL IRL,,0.00,
tx_0000A0UG9FS02cwydLmnsv,24/10/2020,12:45:03,Card payment,Apple,üçé ,Entertainment,0.00,GBP,0.00,GBP,Active card check,,,APPLE.COM/BILL         APPLE.COM/BIL IRL,,0.00,
tx_0000A0czQLV8qfd27wHiGx,28/10/2020,17:50:04,Card payment,Pizza Hut,üçï,Eating out,-11.47,GBP,-11.47,GBP,,Online Transaction,,WWW.PIZZAHUT.CO.UK     ST ALBANS     GBR,,-11.47,
tx_0000A0czQOcLGLnZtUPuqJ,28/10/2020,17:50:04,Pot transfer,Savings Pot,,,-0.53,GBP,-0.53,GBP,,,,Round up,,-0.53,
tx_0000A0hMEj3MX3r8hWCqxd,30/10/2020,20:24:31,Card payment,Pizze Delizie,,Entertainment,-8.50,GBP,-8.50,GBP,,249 HOLLOWAY ROAD,,PIZZE DELIZIE          LONDON        GBR,,-8.50,
tx_0000A0hMEmcvFIJNjYUV2v,30/10/2020,20:24:32,Pot transfer,Savings Pot,,,-0.50,GBP,-0.50,GBP,,,,Round up,,-0.50,
tx_0000A0iuC9XNCRclWJlxdh,31/10/2020,14:19:44,Card payment,TfL Travel Charge,üöÜ,Transport,-4.80,GBP,-4.80,GBP,,,,TfL Travel Charge      TFL.gov.uk/CP GBR,,-4.80,
tx_0000A0j8ia7nHZtvKcdOHR,31/10/2020,17:02:28,Card payment,Sainsbury's,üçè,Groceries,-2.50,GBP,-2.50,GBP,,465 Caledonian Road,,SAINSBURYS SACAT(4205) STATION ROAD  GBR,,-2.50,
tx_0000A0j8iecQZdF4apu8Yr,31/10/2020,17:02:29,Pot transfer,Savings Pot,,,-0.50,GBP,-0.50,GBP,,,,Round up,,-0.50,
tx_0000A0jTkxduubBpDBXgXK,31/10/2020,20:58:12,Card payment,Circuit Laundry,üëï,General,-20.40,GBP,-20.40,GBP,,,,CIRCUIT UK - APP 1     RIPPONDEN     GBR,,-20.40,
tx_0000A0jTl2cKPvSnqJmHgX,31/10/2020,20:58:13,Pot transfer,Savings Pot,,,-0.60,GBP,-0.60,GBP,,,,Round up,,-0.60,
tx_0000A0n2SmbNIqieCTeYgz,02/11/2020,14:11:14,Card payment,Transport for London,üöá,Transport,-4.80,GBP,-4.80,GBP,"Travel charge for Sunday, 1 Nov",50 Victoria Street,,TFL TRAVEL CH\VICTORIA STREET\TFL.GOV.UK/CP\SW1H 0TL     GBR,,-4.80,
tx_0000A0n2StJCMovrqrmQV7,02/11/2020,14:11:15,Pot transfer,Savings Pot,,,-0.20,GBP,-0.20,GBP,,,,Round up,,-0.20,
tx_0000A0nRt3tu6eidbuDePR,02/11/2020,18:56:06,Card payment,Five Guys,üçî,Eating out,-3.25,GBP,-3.25,GBP,,43 Thurloe Street,,FIVE GUYS              LONDON        GBR,,-3.25,
tx_0000A0nRt7dODzszBqWWDy,02/11/2020,18:56:07,Pot transfer,Savings Pot,,,-0.75,GBP,-0.75,GBP,,,,Round up,,-0.75,
tx_0000A0ojcgHi8RapqmZBZp,03/11/2020,09:49:32,Card payment,Transport for London,üöá,Transport,-4.80,GBP,-4.80,GBP,"Travel charge for Monday, 2 Nov",50 Victoria Street,,TFL TRAVEL CH\VICTORIA STREET\TFL.GOV.UK/CP\SW1H 0TL     GBR,,-4.80,
tx_0000A0ojcoanFNzmhmLsB7,03/11/2020,09:49:34,Pot transfer,Savings Pot,,,-0.20,GBP,-0.20,GBP,,,,Round up,,-0.20,
tx_0000A0oxmAGjQGiMoEWbDe,03/11/2020,12:28:08,Card payment,Uber Eats,üçΩ,Eating out,-8.25,GBP,-8.25,GBP,,,,UBER * PENDING         help.uber.com NLD,,-8.25,
tx_0000A0oxmE7J7FTsbWvm2j,03/11/2020,12:28:08,Pot transfer,Savings Pot,,,-0.75,GBP,-0.75,GBP,,,,Round up,,-0.75,
tx_0000A0pofqxJbvQq0u5JtB,03/11/2020,22:20:51,Card payment,Nisa Local,üçè‚úâÔ∏è,Groceries,-5.11,GBP,-5.11,GBP,,476 Caledonian Road,,NISA LOCAL             LONDON        GBR,,-5.11,
tx_0000A0poftrkn4Vfm8WpnN,03/11/2020,22:20:52,Pot transfer,Savings Pot,,,-0.89,GBP,-0.89,GBP,,,,Round up,,-0.89,
tx_0000A0rIOlIiZcigBZHnIQ,04/11/2020,15:28:38,Card payment,Sainsbury's,üçè,Groceries,-0.90,GBP,-0.90,GBP,,465 Caledonian Road,,SAINSBURYS SACAT(4205) STATION ROAD  GBR,,-0.90,
tx_0000A0t3nELb7YYSWVTK6s,05/11/2020,11:54:24,Faster payment,Arthika Sivathasan,,Eating out,-3.25,GBP,-3.25,GBP,Sent from Monzo,,,Sent from Monzo,,-3.25,
tx_0000A0tftX2ELmkUBC8Rb0,05/11/2020,19:01:20,Card payment,Tesco,üçè ,General,-7.40,GBP,-7.40,GBP,,Caledonian Road,,TESCO STORES 6187      LONDON        GBR,,-7.40,
tx_0000A0tftahSiwMOzcSO38,05/11/2020,19:01:20,Pot transfer,Savings Pot,,,-0.60,GBP,-0.60,GBP,,,,Round up,,-0.60,
tx_0000A0vi5iChEtIxxstTIh,06/11/2020,18:35:22,Card payment,Morrisons,üçè,Groceries,-14.59,GBP,-14.59,GBP,,10 Hertslet Road,,W M MORRISON           HOLLOWAY      GBR,,-14.59,
tx_0000A0vi5oFkkQX7Zu4WcG,06/11/2020,18:35:23,Pot transfer,Savings Pot,,,-0.41,GBP,-0.41,GBP,,,,Round up,,-0.41,
tx_0000A18Ccl3SzLUu79koCI,12/11/2020,19:14:01,Card payment,Tesco,üçè ,General,-2.85,GBP,-2.85,GBP,,Caledonian Road,,TESCO STORES 6187      LONDON        GBR,,-2.85,
tx_0000A18CcoNQdZTbVzR7Cb,12/11/2020,19:14:02,Pot transfer,Savings Pot,,,-0.15,GBP,-0.15,GBP,,,,Round up,,-0.15,
tx_0000A18hdB17YhpC9cVTRx,13/11/2020,01:01:27,Bacs (Direct Credit),Uni Of West L Pay,,,189.40,GBP,189.40,GBP,TRAVEL & FOOD,,,TRAVEL & FOOD,,,189.40
tx_0000A1AAUiqZVE5HeUEnnl,13/11/2020,17:59:35,Card payment,WHSmith,üì∞,Shopping,-3.54,GBP,-3.54,GBP,,"Lonson St Pancras Station Euston Road, London Nw1 2ql",,WH SMITH               LONDON        GBR,,-3.54,
tx_0000A1AAUnT0KGCsme0yTB,13/11/2020,17:59:36,Pot transfer,Savings Pot,,,-0.46,GBP,-0.46,GBP,,,,Round up,,-0.46,
tx_0000A1GPfkRoYWkbVSbPAv,16/11/2020,18:17:55,Card payment,College Cafe,‚òïÔ∏èüìö,Eating out,-0.63,GBP,-0.63,GBP,,London,,IMPERIAL COLLEGE LONDO LONDON        GBR,,-0.63,
tx_0000A1GT5dmyEeC6L1vfwf,16/11/2020,18:56:13,Card payment,Sainsbury's,üçè,Groceries,-1.50,GBP,-1.50,GBP,,465 Caledonian Road,,SAINSBURYS SACAT(4205) STATION ROAD  GBR,,-1.50,
tx_0000A1GT5hhRh89ST3NJtB,16/11/2020,18:56:13,Pot transfer,Savings Pot,,,-0.50,GBP,-0.50,GBP,,,,Round up,,-0.50,
tx_0000A1KRoOTma0ckenMNRy,18/11/2020,17:00:44,Card payment,College Cafe,‚òïÔ∏èüìö,Eating out,-1.15,GBP,-1.15,GBP,,London,,IMPERIAL COLLEGE LONDO LONDON        GBR,,-1.15,
tx_0000A1KRoSCClI3FjwxCID,18/11/2020,17:00:45,Pot transfer,Savings Pot,,,-0.85,GBP,-0.85,GBP,,,,Round up,,-0.85,
tx_0000A1KeEljrvHpdrfRpzO,18/11/2020,19:19:58,Card payment,College Cafe,‚òïÔ∏èüìö,Eating out,-2.41,GBP,-2.41,GBP,,London,,IMPERIAL COLLEGE LONDO LONDON        GBR,,-2.41,
tx_0000A1KeEpVptOqXgCb6YM,18/11/2020,19:19:58,Pot transfer,Savings Pot,,,-0.59,GBP,-0.59,GBP,,,,Round up,,-0.59,
tx_0000A1Khs4F1Mg9eW58Mfi,18/11/2020,20:00:41,Card payment,Sainsbury's,üçè,Groceries,-4.90,GBP,-4.90,GBP,,465 Caledonian Road,,SAINSBURYS LOC (4205)  LONDON        GBR,,-4.90,
tx_0000A1Khs7tXmU5Te7DA4P,18/11/2020,20:00:41,Pot transfer,Savings Pot,,,-0.10,GBP,-0.10,GBP,,,,Round up,,-0.10,
tx_0000A1MBrjvy3gKWfjp8qo,19/11/2020,13:11:29,Card payment,Eurostar,üöÑ,Transport,-113.50,GBP,-113.50,GBP,,,,EUROSTAR INTERNET      LONDON        GBR,,-113.50,
tx_0000A1MBrq5PBVb6OkP4OA,19/11/2020,13:11:30,Pot transfer,Savings Pot,,,-0.50,GBP,-0.50,GBP,,,,Round up,,-0.50,
tx_0000A1MZershb4c96JoFJC,19/11/2020,17:38:05,Card payment,Morrisons,üçè,Groceries,-5.00,GBP,-5.00,GBP,,10 Hertslet Road,,W M MORRISON           HOLLOWAY      GBR,,-5.00,
tx_0000A1P3wcVyr06afeWiSf,20/11/2020,22:26:51,Card payment,Sainsbury's,üçè,Groceries,-1.00,GBP,-1.00,GBP,,465 Caledonian Road,,SAINSBURYS LOC (4205)  LONDON        GBR,,-1.00,
tx_0000A1Qq4bhGliajKiZGYV,21/11/2020,19:00:51,Card payment,Tesco,üçè ,General,-4.35,GBP,-4.35,GBP,,Caledonian Road,,TESCO STORES 6187      LONDON        GBR,,-4.35,
tx_0000A1Qq4gHZifW7k3XOIT,21/11/2020,19:00:52,Pot transfer,Savings Pot,,,-0.65,GBP,-0.65,GBP,,,,Round up,,-0.65,
tx_0000A1Snu9KFaP6j6PlOOv,22/11/2020,17:45:59,Card payment,Tesco,üçè ,General,-6.90,GBP,-6.90,GBP,,Caledonian Road,,TESCO STORES 6187      LONDON        GBR,,-6.90,
tx_0000A1SnuCMUIY5mLRkWp9,22/11/2020,17:45:59,Pot transfer,Savings Pot,,,-0.10,GBP,-0.10,GBP,,,,Round up,,-0.10,
tx_0000A1Uw3bCaV1lFii8Ysb,23/11/2020,18:26:45,Card payment,College Cafe,‚òïÔ∏èüìö,Eating out,-0.63,GBP,-0.63,GBP,,London,,IMPERIAL COLLEGE LONDO LONDON        GBR,,-0.63,
tx_0000A1UzMgiSWS3oPKjYBN,23/11/2020,19:03:49,Card payment,Sainsbury's,üçè,Groceries,-1.40,GBP,-1.40,GBP,,465 Caledonian Road,,SAINSBURYS LOC (4205)  LONDON        GBR,,-1.40,
tx_0000A1UzMjAXP1QM7tlXBy,23/11/2020,19:03:49,Pot transfer,Savings Pot,,,-0.60,GBP,-0.60,GBP,,,,Round up,,-0.60,
tx_0000A1Wz3OxEixwArL7QNF,24/11/2020,18:09:45,Card payment,Tesco,üçè ,General,-7.40,GBP,-7.40,GBP,,Caledonian Road,,TESCO STORES 6187      LONDON        GBR,,-7.40,
tx_0000A1Wz3Tm4nsytoAw5An,24/11/2020,18:09:46,Pot transfer,Savings Pot,,,-0.60,GBP,-0.60,GBP,,,,Round up,,-0.60,
tx_0000A1Z0U8exu78TBbz6NG,25/11/2020,17:35:12,Card payment,Tesco,üçè ,General,-2.70,GBP,-2.70,GBP,,Caledonian Road,,TESCO STORES 6187      LONDON        GBR,,-2.70,
tx_0000A1Z0UC9YuoUHPJcQUs,25/11/2020,17:35:13,Pot transfer,Savings Pot,,,-0.30,GBP,-0.30,GBP,,,,Round up,,-0.30,
tx_0000A1aijDbcO4z8DoC6Lp,26/11/2020,13:25:40,Card payment,Kafeteryam Sandwich Bar,ü•™,Eating out,-4.50,GBP,-4.50,GBP,,Caledonian Road,,KAFETERYAM SANDWICH BA LONDON        GBR,,-4.50,
tx_0000A1aijJWWNw87c5j0L3,26/11/2020,13:25:41,Pot transfer,Savings Pot,,,-0.50,GBP,-0.50,GBP,,,,Round up,,-0.50,
tx_0000A1bPGWO7lvufBsGs9x,26/11/2020,21:22:18,Card payment,Sainsbury's,üçè,Groceries,-2.60,GBP,-2.60,GBP,,465 Caledonian Road,,SAINSBURYS LOC (4205)  LONDON        GBR,,-2.60,
tx_0000A1bPGZs0pGeSPRcuyv,26/11/2020,21:22:18,Pot transfer,Savings Pot,,,-0.40,GBP,-0.40,GBP,,,,Round up,,-0.40,
tx_0000A1dAwWDRgzo3ATadPd,27/11/2020,17:51:14,Card payment,Sainsbury's,üçè,Groceries,-3.85,GBP,-3.85,GBP,,465 Caledonian Road,,SAINSBURYS SACAT(4205) STATION ROAD  GBR,,-3.85,
tx_0000A1dAway21kRJOeAbnV,27/11/2020,17:51:15,Pot transfer,Savings Pot,,,-0.15,GBP,-0.15,GBP,,,,Round up,,-0.15,
tx_0000A1dOntXD1Vip7rMRCj,27/11/2020,20:26:33,Card payment,Samsung Electronics,üîå,Shopping,-80.10,GBP,-80.10,GBP,,,,Samsung Electronics    Chertsey      GBR,,-80.10,
tx_0000A1dOnzkXupUDW9tzaz,27/11/2020,20:26:33,Pot transfer,Savings Pot,,,-0.90,GBP,-0.90,GBP,,,,Round up,,-0.90,
tx_0000A1fLKMim272msVjbNJ,28/11/2020,18:57:00,Card payment,Deliveroo,üç¥üö≤,Eating out,0.00,GBP,0.00,GBP,Active card check,,,DELIVEROO.CO.UK        +442036999977 GBR,,0.00,
tx_0000A1fLKrqIKBcCoBkcUb,28/11/2020,18:57:06,Card payment,Deliveroo,üç¥üö≤,Eating out,-12.04,GBP,-12.04,GBP,,,,DELIVEROO.CO.UK        +442036999977 GBR,,-12.04,
tx_0000A1fLKwLzYHwZl4DXyz,28/11/2020,18:57:07,Pot transfer,Savings Pot,,,-0.96,GBP,-0.96,GBP,,,,Round up,,-0.96,
tx_0000A1fSvoR2egkGSP3RJ3,28/11/2020,20:19:34,Card payment,Amazon,üì¶,Shopping,0.00,GBP,0.00,GBP,Active card check,,,AMAZON EU              AMAZON.CO.UK  LUX,,0.00,
tx_0000A1hHztgGNrf0rHrHhC,29/11/2020,17:29:07,Card payment,Sainsbury's,üçè,Groceries,-4.50,GBP,-4.50,GBP,,465 Caledonian Road,,SAINSBURYS SACAT(4205) STATION ROAD  GBR,,-4.50,
tx_0000A1hHzxtshBRPPPYsXB,29/11/2020,17:29:08,Pot transfer,Savings Pot,,,-0.50,GBP,-0.50,GBP,,,,Round up,,-0.50,
tx_0000A1hIHQ27Lr2o26bqiJ,29/11/2020,17:32:17,Card payment,Tesco,üçè ,General,-1.15,GBP,-1.15,GBP,,Caledonian Road,,TESCO STORES 6187      LONDON        GBR,,-1.15,
tx_0000A1hIHUJdQfReNuhHzl,29/11/2020,17:32:18,Pot transfer,Savings Pot,,,-0.85,GBP,-0.85,GBP,,,,Round up,,-0.85,
tx_0000A1jSHgmoS2rWph0SmY,30/11/2020,18:33:49,Card payment,Leon,üçä,Eating out,-5.95,GBP,-5.95,GBP,,46 Thurloe Street,,LEON                    GREAT BRITAI GBR,,-5.95,
tx_0000A1jSHllDxNLPj3jyPR,30/11/2020,18:33:50,Pot transfer,Savings Pot,,,-0.05,GBP,-0.05,GBP,,,,Round up,,-0.05,
tx_0000A1jnqfiKWnRL8MTqGP,30/11/2020,22:35:26,Card payment,Sainsbury's,üçè,Groceries,-0.85,GBP,-0.85,GBP,,465 Caledonian Road,,SAINSBURYS SACAT(4205) STATION ROAD  GBR,,-0.85,
tx_0000A1loEwHgxZenYptTL0,01/12/2020,21:49:15,Card payment,Sainsbury's,üçè,Groceries,-3.30,GBP,-3.30,GBP,,465 Caledonian Road,,SAINSBURYS SACAT(4205) STATION ROAD  GBR,,-3.30,
tx_0000A1loEzGjra3D355a3l,01/12/2020,21:49:15,Pot transfer,Savings Pot,,,-0.70,GBP,-0.70,GBP,,,,Round up,,-0.70,
tx_0000A1nlGHYlQuJHvhTuyn,02/12/2020,20:25:18,Card payment,TfL Santander Cycles,üö¥,Transport,-2.00,GBP,-2.00,GBP,,,,TFL CYCLE HIRE         LONDON        GBR,,-2.00,
tx_0000A1pprGGryWLeUByYSX,03/12/2020,20:26:13,Card payment,Santander Cycles,üö¥,Transport,-2.00,GBP,-2.00,GBP,,Bayley Street,,TFL CYCLE HIRE         LONDON        GBR,,-2.00,
tx_0000A20Fnbf32wqrox9QHK,08/12/2020,21:04:00,Card payment,East Street Tampopo,üç¥,Eating out,-18.00,GBP,-18.00,GBP,,3-5 Rathbone Place,,EAST STREET TAMPOPO    LONDON        GBR,,-18.00,
tx_0000A20KX2AFkoNv6RJaM5,08/12/2020,21:57:02,Card payment,TfL Travel Charge,üöÜ,Transport,-5.70,GBP,-5.70,GBP,,,,TfL Travel Charge      TFL.gov.uk/CP GBR,,-5.70,
tx_0000A25xAA8wn3vpTY9iK2,11/12/2020,15:03:27,Card payment,Costa Coffee,‚òï,Eating out,-3.65,GBP,-3.65,GBP,,465 Caledonian Road,,COSTA COFFEE           LONDON        GBR,,-3.65,
tx_0000A25xAEzuk4WjGeTXyU,11/12/2020,15:03:28,Pot transfer,Savings Pot,,,-0.35,GBP,-0.35,GBP,,,,Round up,,-0.35,
tx_0000A27K5VM8zClcK5stnd,12/12/2020,06:55:02,Card payment,Uber,üöñ,Transport,-5.00,GBP,-5.00,GBP,,South Parade,,UBER   * PENDING       Amsterdam     GBR,,-5.00,
tx_0000A27nz1RYHlLC4qZFyM,12/12/2020,12:30:01,Card payment,Uber,üöñ,Transport,0.91,GBP,0.91,GBP,,South Parade,,UBER   * PENDING       Amsterdam     GBR,,,0.91
tx_0000A2IqdM1fW5z0bimgPh,17/12/2020,20:21:33,Faster payment,David E O Emoot,,General,-2.50,GBP,-2.50,GBP,Happy bDAY- AARYAN,,,Happy bDAY- AARYAN,,-2.50,
tx_0000A4i9H05nESUg3hbhyb,27/02/2021,21:02:23,Faster payment,MEHTA A R,,,1100.00,GBP,1100.00,GBP,27.02.21,,,27.02.21,,,1100.00
tx_0000A4i9cZRJ0ZsRZQ20w5,27/02/2021,21:06:17,Faster payment,Aaryan Mehta,,General,-1000.00,GBP,-1000.00,GBP,Sent from Monzo,,,Sent from Monzo,,-1000.00,
tx_0000A4yPsZSZPJSEs5Uu8H,07/03/2021,17:23:50,Card payment,Uber,üöñ,Transport,-3.86,GBP,-3.86,GBP,,South Parade,,UBER   * PENDING       Amsterdam     GBR,,-3.86,
tx_0000A4yPsdWyGuQckOudWc,07/03/2021,17:23:51,Pot transfer,Savings Pot,,,-0.14,GBP,-0.14,GBP,,,,Round up,,-0.14,
tx_0000A4yRPyav4uB45OP19t,07/03/2021,17:41:05,Card payment,Uber,üöñ,Transport,-0.75,GBP,-0.75,GBP,,,,UBER   *TRIP           Amsterdam     GBR,,-0.75,
tx_0000A54f5O2vompgXHNsSj,10/03/2021,17:42:30,Card payment,Amazon,üì¶,Shopping,-4.99,GBP,-4.99,GBP,,"1 Principal Pl, Worship St",,AMZNMktplace           amazon.co.uk  GBR,,-4.99,
tx_0000A54f5VhbLyVvjfMu0Y,10/03/2021,17:42:31,Pot transfer,Savings Pot,,,-0.01,GBP,-0.01,GBP,,,,Round up,,-0.01,
tx_0000A54fGlRRAwKkHRGu2L,10/03/2021,17:44:33,Card payment,Amazon,üì¶,Shopping,0.00,GBP,0.00,GBP,"Active card check
",,,AMAZON EU              AMAZON.CO.UK  LUX,,0.00,
tx_0000A5AxWObgo1w2DUQicj,13/03/2021,18:37:19,Card payment,Deliveroo,üç¥üö≤,Eating out,0.00,GBP,0.00,GBP,Active card check,,,DELIVEROO.CO.UK        +442036999977 GBR,,0.00,
tx_0000A5AxfnIMNvtaM3Ju3F,13/03/2021,18:39:02,Card payment,Deliveroo,üç¥üö≤,Eating out,-10.23,GBP,-10.23,GBP,,,,DELIVEROO.CO.UK        +442036999977 GBR,,-10.23,
tx_0000A5AxfrlZlGh9G1bbur,13/03/2021,18:39:03,Pot transfer,Savings Pot,,,-0.77,GBP,-0.77,GBP,,,,Round up,,-0.77,
tx_0000A5HKy9xsIoYzWJjO2T,16/03/2021,20:28:20,Card payment,Amazon,üì¶,Shopping,-18.17,GBP,-18.17,GBP,,,,AMZNMKTPLACE AMAZON.CO LONDON        GBR,,-18.17,
tx_0000A5HKyDB6M5tFmlgOJd,16/03/2021,20:28:20,Pot transfer,Savings Pot,,,-0.83,GBP,-0.83,GBP,,,,Round up,,-0.83,
tx_0000A5Kar8fgtUjDVYrHpB,18/03/2021,10:10:29,Faster payment,Aaryan Mehta,,General,-160.00,GBP,-160.00,GBP,Sent from Monzo,,,Sent from Monzo,,-160.00,
tx_0000A5LOCCXeawAHYsVmBl,18/03/2021,19:23:20,Card payment,Sainsbury's,üçè,Groceries,-2.25,GBP,-2.25,GBP,,472A Caledonian Road,,SAINSBURYS SACAT(4205) STATION ROAD  GBR,,-2.25,
tx_0000A5LOCGA38ddWZWl8kL,18/03/2021,19:23:21,Pot transfer,Savings Pot,,,-0.75,GBP,-0.75,GBP,,,,Round up,,-0.75,
tx_0000A5Mq3F4gnfZwTFhUZN,19/03/2021,12:10:10,Card payment,Circuit Laundry,üëï,General,-8.40,GBP,-8.40,GBP,,,,CIRCUIT UK - APP 1     RIPPONDEN     GBR,,-8.40,
tx_0000A5Mq3JnVEyj2ZjZ4lv,19/03/2021,12:10:11,Pot transfer,Savings Pot,,,-0.60,GBP,-0.60,GBP,,,,Round up,,-0.60,
tx_0000A5PmSE8Bd2b0RQsGVl,20/03/2021,22:14:00,Card payment,Sainsbury's,üçè,Groceries,-6.50,GBP,-6.50,GBP,,472A Caledonian Road,,SAINSBURYS LOC (4205)  LONDON        GBR,,-6.50,
tx_0000A5PmSHjAFzsf7lhPJC,20/03/2021,22:14:00,Pot transfer,Savings Pot,,,-0.50,GBP,-0.50,GBP,,,,Round up,,-0.50,
tx_0000A5TGtDQpurbziflPgP,22/03/2021,14:39:09,Card payment,Sainsbury's,üçè,Groceries,-6.80,GBP,-6.80,GBP,,472A Caledonian Road,,SAINSBURYS LOC (4205)  LONDON        GBR,,-6.80,
tx_0000A5TGtHvTCvZM83crkA,22/03/2021,14:39:10,Pot transfer,Savings Pot,,,-0.20,GBP,-0.20,GBP,,,,Round up,,-0.20,
tx_0000A5W1DSlxZdc0jV4O5x,23/03/2021,22:27:40,Card payment,Sainsbury's,üçè,Groceries,-3.85,GBP,-3.85,GBP,,472A Caledonian Road,,SAINSBURYS SACAT(4205) STATION ROAD  GBR,,-3.85,
tx_0000A5W1DWAWwk1bpYfwK9,23/03/2021,22:27:41,Pot transfer,Savings Pot,,,-0.15,GBP,-0.15,GBP,,,,Round up,,-0.15,
tx_0000A5W8K7YpXKDyP0YbXV,23/03/2021,23:47:19,Card payment,Oakdene Designs,,General,-7.00,GBP,-7.00,GBP,,"Hale House Barns, Okewood Hill",,SP * OAKDENE DESIGNS   +441306621262 GBR,,-7.00,
tx_0000A5Z7U6ZOYgNo2odda5,25/03/2021,10:22:03,Card payment,Tesco,üçè ,Groceries,-2.99,GBP,-2.99,GBP,,Caledonian Road,,TESCO STORES 6187      LONDON        GBR,,-2.99,
tx_0000A5Z7UByOTAYjRQ7qev,25/03/2021,10:22:03,Pot transfer,Savings Pot,,,-0.01,GBP,-0.01,GBP,,,,Round up,,-0.01,
tx_0000A5Z7nQOr3URMFSzyPB,25/03/2021,10:25:32,Card payment,Sainsbury's,üçè,Groceries,-0.50,GBP,-0.50,GBP,,472A Caledonian Road,,SAINSBURYS SACAT(4205) STATION ROAD  GBR,,-0.50,
tx_0000A5ZB0n2wSzku73GZm5,25/03/2021,11:01:34,Faster payment,MEHTA A,,,500.00,GBP,500.00,GBP,CHARITY TO SELF,,,CHARITY TO SELF,,,500.00
tx_0000A5bPdnJXC1AIPYAXki,26/03/2021,12:54:54,Card payment,TfL Travel Charge,üöÜ,Transport,-4.05,GBP,-4.05,GBP,,,,TfL Travel Charge      TFL.gov.uk/CP GBR,,-4.05,
tx_0000A5bR34NsxnAFAHKKyv,26/03/2021,13:10:41,Card payment,Sainsbury's,üçè,Groceries,-1.75,GBP,-1.75,GBP,,472A Caledonian Road,,SAINSBURYS SACAT(4205) STATION ROAD  GBR,,-1.75,
tx_0000A5bR3BltUv5xl1qauI,26/03/2021,13:10:42,Pot transfer,Savings Pot,,,-0.25,GBP,-0.25,GBP,,,,Round up,,-0.25,
tx_0000A5bxr3ZXSCG8KHEHRJ,26/03/2021,19:18:16,Card payment,Deliveroo,üç¥üö≤,Eating out,-17.22,GBP,-17.22,GBP,,,,DELIVEROO.CO.UK        +442036999977 GBR,,-17.22,
tx_0000A5bxrAuMBAzibeWZbV,26/03/2021,19:18:17,Pot transfer,Savings Pot,,,-0.78,GBP,-0.78,GBP,,,,Round up,,-0.78,
tx_0000A5byMN4qz51CVnjIlF,26/03/2021,19:23:56,Faster payment,Luca Mehl,,,8.00,GBP,8.00,GBP,Sent from Monzo,,,Sent from Monzo,,,8.00
tx_0000A5cV9jTxfW1VSs05mj,27/03/2021,01:31:25,Card payment,TfL Santander Cycles,üö¥,Transport,-2.00,GBP,-2.00,GBP,,Park Road,,TFL CYCLE HIRE         LONDON        GBR,,-2.00,
tx_0000A5ht2pCbNANCPf1747,29/03/2021,15:52:39,Card payment,Boots,üíä,General,-27.00,GBP,-27.00,GBP,,410 Holloway Road,,"BOOTS,0786             HOLLOWAY LOND GBR",,-27.00,
tx_0000A5hujyBFy1lMBx3rf7,29/03/2021,16:11:39,Card payment,Morrisons,üçè,Groceries,-20.31,GBP,-20.31,GBP,,10 Hertslet Road,,W M MORRISON           HOLLOWAY      GBR,,-20.31,
tx_0000A5huk1kShbo5wWnIPp,29/03/2021,16:11:39,Pot transfer,Savings Pot,,,-0.69,GBP,-0.69,GBP,,,,Round up,,-0.69,
tx_0000A5i8NCDf0JE2MHaPSc,29/03/2021,18:44:24,Card payment,Pizza Hut,üçï,Eating out,-35.46,GBP,-35.46,GBP,"Johnny paid 10
Alex paid 8
",Online Transaction,,WWW.PIZZAHUT.CO.UK     ST ALBANS     GBR,,-35.46,
tx_0000A5i8NFwRAIhVmJ7UcT,29/03/2021,18:44:24,Pot transfer,Savings Pot,,,-0.54,GBP,-0.54,GBP,,,,Round up,,-0.54,
tx_0000A5i8bwhMzaYFp5ZPOr,29/03/2021,18:47:04,Monzo.me / Top-up,,,General,8.00,GBP,8.00,GBP,,,,Alexander Bainbridge,,,8.00
tx_0000A5iO2dKuaT2liWpTak,29/03/2021,21:39:58,Card payment,Tesco,üçè ,Groceries,-4.59,GBP,-4.59,GBP,,Caledonian Road,,TESCO STORES 6187      LONDON        GBR,,-4.59,
tx_0000A5iO2fT8eqpvldbgg6,29/03/2021,21:39:58,Pot transfer,Savings Pot,,,-0.41,GBP,-0.41,GBP,,,,Round up,,-0.41,
tx_0000A5kHeFPhfXGqhDLDT0,30/03/2021,19:37:45,Card payment,Wahaca,üåÆüåØ,Eating out,-8.75,GBP,-8.75,GBP,,Belvedere Road,,WAHACA SOUTHBANK       LONDON        GBR,,-8.75,
tx_0000A5kHeLVF1qmvmaYsVt,30/03/2021,19:37:46,Pot transfer,Savings Pot,,,-0.25,GBP,-0.25,GBP,,,,Round up,,-0.25,
tx_0000A5lQfhiF26yKeUcMCH,31/03/2021,08:53:34,Card payment,Transport for London,üöá,Transport,-3.95,GBP,-3.95,GBP,"Travel charge for Tuesday, 30 Mar",50 Victoria Street,,TFL TRAVEL CH\VICTORIA STREET\TFL.GOV.UK/CP\SW1H 0TL     GBR,,-3.95,
tx_0000A5lQfrQAw82vU6NvOb,31/03/2021,08:53:35,Pot transfer,Savings Pot,,,-0.05,GBP,-0.05,GBP,,,,Round up,,-0.05,
tx_0000A5mDgciVzH8GXy7YP3,31/03/2021,18:02:47,Card payment,Pizza Express,üçï,Eating out,-4.65,GBP,-4.65,GBP,,88 Cromwell Road,,PIZZA EXPRESS REST     LONDON        GBR,,-4.65,
tx_0000A5mDgkRRGf3VEBikZ0,31/03/2021,18:02:48,Pot transfer,Savings Pot,,,-0.35,GBP,-0.35,GBP,,,,Round up,,-0.35,
tx_0000A5mGvCkH8BqurEUi4A,31/03/2021,18:39:02,Card payment,Sainsbury's,üçè,Groceries,-1.60,GBP,-1.60,GBP,,472A Caledonian Road,,SAINSBURYS SACAT(4205) STATION ROAD  GBR,,-1.60,
tx_0000A5mGvGCkGnyE5LQ6tt,31/03/2021,18:39:03,Pot transfer,Savings Pot,,,-0.40,GBP,-0.40,GBP,,,,Round up,,-0.40,
tx_0000A5nV2q8cf4gD0JLdRK,01/04/2021,08:51:59,Card payment,Transport for London,üöá,Transport,-5.00,GBP,-5.00,GBP,"Travel charge for Wednesday, 31 Mar",50 Victoria Street,,TFL TRAVEL CH\VICTORIA STREET\TFL.GOV.UK/CP\SW1H 0TL     GBR,,-5.00,
tx_0000A5nsoXpiJtsHYjZnV3,01/04/2021,13:18:20,Card payment,Circuit Laundry,üëï,General,-8.40,GBP,-8.40,GBP,,,,CIRCUIT UK - APP 1     RIPPONDEN     GBR,,-8.40,
tx_0000A5nsofAX2tYsjmLjbV,01/04/2021,13:18:21,Pot transfer,Savings Pot,,,-0.60,GBP,-0.60,GBP,,,,Round up,,-0.60,
tx_0000A5ntJXj6lYkDiyuYqY,01/04/2021,13:23:56,Faster payment,Timothy Tjalma,,,10.00,GBP,10.00,GBP,Pizza,,,Pizza,,,10.00
tx_0000A5qV7cmGLXBMrXKDCL,02/04/2021,19:36:59,Card payment,Sainsbury's,üçè,Groceries,-3.85,GBP,-3.85,GBP,,472A Caledonian Road,,SAINSBURYS SACAT(4205) STATION ROAD  GBR,,-3.85,
tx_0000A5qV7gE1WlPtumrTzl,02/04/2021,19:37:00,Pot transfer,Savings Pot,,,-0.15,GBP,-0.15,GBP,,,,Round up,,-0.15,
tx_0000A5sWtMttATvX8NQsS1,03/04/2021,19:06:15,Faster payment,Anusha Ahuja,,Charity,-4.00,GBP,-4.00,GBP,Sent from Monzo,,,Sent from Monzo,,-4.00,
tx_0000A5syRmXx1KU6x1IkB0,04/04/2021,00:15:00,Card payment,TfL Travel Charge,üöÜ,Transport,-5.60,GBP,-5.60,GBP,,,,TfL Travel Charge      TFL.gov.uk/CP GBR,,-5.60,
tx_0000A5syRpSOCSiNf8H0gz,04/04/2021,00:15:01,Pot transfer,Savings Pot,,,-0.40,GBP,-0.40,GBP,,,,Round up,,-0.40,
tx_0000A5tyfRFxAUHuLYM6u9,04/04/2021,11:52:11,Faster payment,Aarjav Jain,,Charity,-6.50,GBP,-6.50,GBP,Charity to friend,,,Charity to friend,,-6.50,
tx_0000A5uRBFhyR7mDz9yFEH,04/04/2021,17:11:40,Card payment,Sainsbury's,üçè,Groceries,-7.25,GBP,-7.25,GBP,,472A Caledonian Road,,SAINSBURYS SACAT(4205) STATION ROAD  GBR,,-7.25,
tx_0000A5uRBIsidcTlvG1gDR,04/04/2021,17:11:41,Pot transfer,Savings Pot,,,-0.75,GBP,-0.75,GBP,,,,Round up,,-0.75,
tx_0000A5wGPMG8AOejB3OHlE,05/04/2021,14:20:23,Card payment,Five Guys,üçî,Eating out,-7.75,GBP,-7.75,GBP,,43 Thurloe Street,,FIVE GUYS              LONDON        GBR,,-7.75,
tx_0000A5wGPQCNWHudRbOEaY,05/04/2021,14:20:24,Pot transfer,Savings Pot,,,-0.25,GBP,-0.25,GBP,,,,Round up,,-0.25,
tx_0000A5xqWYbkRa4SC9tfjV,06/04/2021,08:39:47,Card payment,Transport for London,üöá,Transport,-6.35,GBP,-6.35,GBP,"Travel charge for Monday, 5 Apr",50 Victoria Street,,TFL TRAVEL CH\VICTORIA STREET\TFL.GOV.UK/CP\SW1H 0TL     GBR,,-6.35,
tx_0000A5xqWcSK8ZTAwfocyY,06/04/2021,08:39:48,Pot transfer,Savings Pot,,,-0.65,GBP,-0.65,GBP,,,,Round up,,-0.65,
tx_0000A5yJXlV0tfLnlmqjGj,06/04/2021,14:04:57,Card payment,Sainsbury's,üçè,Groceries,-2.75,GBP,-2.75,GBP,,472A Caledonian Road,,SAINSBURYS SACAT(4205) STATION ROAD  GBR,,-2.75,
tx_0000A5yJXol4mPPQ6sEbLe,06/04/2021,14:04:57,Pot transfer,Savings Pot,,,-0.25,GBP,-0.25,GBP,,,,Round up,,-0.25,
tx_0000A5ykQem2CWobvPm1mk,06/04/2021,19:06:12,Card payment,Nando's,üêî,Eating out,-6.75,GBP,-6.75,GBP,,277 Holloway Road,,NANDOS HOLLOWAY ROAD   LONDON        GBR,,-6.75,
tx_0000A5ykQiZQ5NDSmxbGyn,06/04/2021,19:06:12,Pot transfer,Savings Pot,,,-0.25,GBP,-0.25,GBP,,,,Round up,,-0.25,
tx_0000A5zvyrmBerc6ejJaNf,07/04/2021,08:50:21,Card payment,Transport for London,üöá,Transport,-1.50,GBP,-1.50,GBP,"Travel charge for Tuesday, 6 Apr",50 Victoria Street,,TFL TRAVEL CH\VICTORIA STREET\TFL.GOV.UK/CP\SW1H 0TL     GBR,,-1.50,
tx_0000A5zvyvjUwnq6vY5UkD,07/04/2021,08:50:21,Pot transfer,Savings Pot,,,-0.50,GBP,-0.50,GBP,,,,Round up,,-0.50,
tx_0000A60Cvs4fn8AbTxkSZv,07/04/2021,12:00:17,Card payment,Tesco,üçè ,Groceries,-4.84,GBP,-4.84,GBP,,Caledonian Road,,TESCO STORES 6187      LONDON        GBR,,-4.84,
tx_0000A60CvvMVZH0dJUBoHp,07/04/2021,12:00:18,Pot transfer,Savings Pot,,,-0.16,GBP,-0.16,GBP,,,,Round up,,-0.16,
tx_0000A60sZXAN2iFsP955Av,07/04/2021,19:46:52,Card payment,Photoworld,üì∑,Shopping,-3.30,GBP,-3.30,GBP,,,,Internet Photo Service 6RR Warwick   GBR,,-3.30,
tx_0000A60sZbIJh7RdavZ1aF,07/04/2021,19:46:53,Pot transfer,Savings Pot,,,-0.70,GBP,-0.70,GBP,,,,Round up,,-0.70,
tx_0000A610QNOsmYm34zNQTx,07/04/2021,21:14:51,Card payment,Circuit Laundry,üëï,General,-10.20,GBP,-10.20,GBP,,,,CIRCUIT UK - APP 1     RIPPONDEN     GBR,,-10.20,
tx_0000A610QPwHLMuNS670Iz,07/04/2021,21:14:51,Pot transfer,Savings Pot,,,-0.80,GBP,-0.80,GBP,,,,Round up,,-0.80,
tx_0000A63AsqDacSjavDJyAD,08/04/2021,22:21:28,Card payment,Bolt,üöñ,Transport,0.00,GBP,0.00,GBP,Active card check,,,BOLT.EU /CARDCHECK     Tallinn       EST,,0.00,
tx_0000A64uIDhB9tvRF0ry1T,09/04/2021,18:24:59,Card payment,Mother Foods,,Groceries,-0.99,GBP,-0.99,GBP,,34 Langstone Way,,MOTHER GROUP LIMITED   LONDON        GBR,,-0.99,
tx_0000A65LJMAxoOA2zJpuyX,09/04/2021,23:27:44,Card payment,Nisa Local,üçè‚úâÔ∏è,Groceries,-1.89,GBP,-1.89,GBP,,476 Caledonian Road,,NISA LOCAL             LONDON        GBR,,-1.89,
tx_0000A65LJPOtp25gzPNac5,09/04/2021,23:27:44,Pot transfer,Savings Pot,,,-0.11,GBP,-0.11,GBP,,,,Round up,,-0.11,
tx_0000A66lATpSmPMTefbZ7R,10/04/2021,15:52:10,Card payment,Tesco,üçè ,Groceries,-0.85,GBP,-0.85,GBP,,87-93 Gloucester Road,,TESCO STORES           LONDON        GBR,,-0.85,
tx_0000A67U2q5Ke1nTzFrkBt,11/04/2021,00:15:01,Card payment,TfL Travel Charge,üöÜ,Transport,-7.40,GBP,-7.40,GBP,,,,TfL Travel Charge      TFL.gov.uk/CP GBR,,-7.40,
tx_0000A67U2sOu2ExY7E6WqP,11/04/2021,00:15:01,Pot transfer,Savings Pot,,,-0.60,GBP,-0.60,GBP,,,,Round up,,-0.60,
tx_0000A6AW6DIXZunDSQr4Vt,12/04/2021,11:22:10,Faster payment,Aarjav Jain,,Eating out,-9.15,GBP,-9.15,GBP,Charity to friend,,,Charity to friend,,-9.15,
tx_0000A6AfGw72iGOCNwHyr3,12/04/2021,13:04:57,Card payment,Transport for London,üöá,Transport,-6.00,GBP,-6.00,GBP,"Travel charge for Sunday, 11 Apr",50 Victoria Street,,TFL TRAVEL CH\VICTORIA STREET\TFL.GOV.UK/CP\SW1H 0TL     GBR,,-6.00,
tx_0000A6GYXRO8fGJiNg8Fmc,15/04/2021,09:17:46,Card payment,Sainsbury's,üçè,Groceries,-1.35,GBP,-1.35,GBP,,472A Caledonian Road,,SAINSBURYS SACAT(4205) STATION ROAD  GBR,,-1.35,
tx_0000A6GYXUIDritYnNJlli,15/04/2021,09:17:47,Pot transfer,Savings Pot,,,-0.65,GBP,-0.65,GBP,,,,Round up,,-0.65,
tx_0000A6Ga6sbTZTWnPyk5Z3,15/04/2021,09:35:23,Card payment,Transport for London,üöá,Transport,-1.55,GBP,-1.55,GBP,"Travel charge for Wednesday, 14 Apr",50 Victoria Street,,TFL TRAVEL CH\VICTORIA STREET\TFL.GOV.UK/CP\SW1H 0TL     GBR,,-1.55,
tx_0000A6Ga6w1SrJ0rTt10CH,15/04/2021,09:35:23,Pot transfer,Savings Pot,,,-0.45,GBP,-0.45,GBP,,,,Round up,,-0.45,
tx_0000A6GmRyG0wbupwWcN5X,15/04/2021,11:53:39,Card payment,Subway,ü•ñ,Eating out,-5.19,GBP,-5.19,GBP,,109 Queens Road,,Subway 31476 Queens Ro Brighton      GBR,,-5.19,
tx_0000A6GmS2tVhhrBmEL5hB,15/04/2021,11:53:40,Pot transfer,Savings Pot,,,-0.81,GBP,-0.81,GBP,,,,Round up,,-0.81,
tx_0000A6H47NrqKVNctLwEPR,15/04/2021,15:11:37,Card payment,Brighton Pier,üç¶ü§°,Entertainment,-3.25,GBP,-3.25,GBP,,Madeira Drive,,BRIGHTON MARINE PALACE BRIGHTON      GBR,,-3.25,
tx_0000A6H47S0UwGuKi4eiqx,15/04/2021,15:11:38,Pot transfer,Savings Pot,,,-0.75,GBP,-0.75,GBP,,,,Round up,,-0.75,
tx_0000A6HI1NK2qHv2yL4J05,15/04/2021,17:47:24,Card payment,Lego Store Brighton,,Shopping,-1.99,GBP,-1.99,GBP,,Russell Place,,LEGO Store Brighton    Brighton      GBR,,-1.99,
tx_0000A6HI1U0RzX6bfNf2Rd,15/04/2021,17:47:25,Pot transfer,Savings Pot,,,-0.01,GBP,-0.01,GBP,,,,Round up,,-0.01,
tx_0000A6HVFrTqoJdCMFA6Ed,15/04/2021,20:15:41,Faster payment,Sabhya Jain,,Eating out,-24.00,GBP,-24.00,GBP,Charity to friend,,,Charity to friend,,-24.00,
tx_0000A6HVPT3CUkdr5n0Z17,15/04/2021,20:17:25,Faster payment,Simran Savani,,Transport,-8.00,GBP,-8.00,GBP,Charity to loser,,,Charity to loser,,-8.00,
tx_0000A6He5XAmMGFN60v453,15/04/2021,21:54:40,Card payment,Sainsbury's,üçè,Groceries,-1.10,GBP,-1.10,GBP,,MAIDEN LANE ESTATE,,SAINSBURYS SELF CHECKO LONDON        GBR,,-1.10,
tx_0000A6He5afNMxh4twjJOD,15/04/2021,21:54:40,Pot transfer,Savings Pot,,,-0.90,GBP,-0.90,GBP,,,,Round up,,-0.90,
tx_0000A6JCfOt2EbPkKPgoMb,16/04/2021,15:56:50,Card payment,Sainsbury's,üçè,Groceries,-3.40,GBP,-3.40,GBP,,472A Caledonian Road,,SAINSBURYS SACAT(4205) STATION ROAD  GBR,,-3.40,
tx_0000A6JCfTfOSkYwp6iGm1,16/04/2021,15:56:51,Pot transfer,Savings Pot,,,-0.60,GBP,-0.60,GBP,,,,Round up,,-0.60,
tx_0000A6KsC61lfDlMLJoKVl,17/04/2021,11:16:51,Card payment,Sainsbury's,üçè,Groceries,-0.25,GBP,-0.25,GBP,,472A Caledonian Road,,SAINSBURYS SACAT(4205) STATION ROAD  GBR,,-0.25,
tx_0000A6KvwL2KUaQqx2p7BJ,17/04/2021,11:58:50,Card payment,Grababite,üç¥,Eating out,-2.00,GBP,-2.00,GBP,,Claremont Lane Claremont,,SumUp  *GrabABite      Esher         GBR,,-2.00,
tx_0000A6MuhbwPeFF0WTNgFV,18/04/2021,10:54:23,Card payment,Sainsbury's,üçè,Groceries,-7.05,GBP,-7.05,GBP,,472A Caledonian Road,,SAINSBURYS SACAT(4205) STATION ROAD  GBR,,-7.05,
tx_0000A6MuhgZYQeq1DTMDKt,18/04/2021,10:54:24,Pot transfer,Savings Pot,,,-0.95,GBP,-0.95,GBP,,,,Round up,,-0.95,
tx_0000A6N77TQD90hd2m7jQv,18/04/2021,13:13:31,Card payment,Sainsbury's,üçè,Groceries,-0.75,GBP,-0.75,GBP,,472A Caledonian Road,,SAINSBURYS SACAT(4205) STATION ROAD  GBR,,-0.75,
tx_0000A6O4ImGbJX3E0Va4wM,19/04/2021,00:16:39,Card payment,TfL Travel Charge,üöÜ,Transport,-5.00,GBP,-5.00,GBP,,,,TfL Travel Charge      TFL.gov.uk/CP GBR,,-5.00,
tx_0000A6OC3ph55aFS1fIpaT,19/04/2021,01:43:35,Card payment,Transport for London,üöá,Transport,-5.00,GBP,-5.00,GBP,"Travel charge for Saturday, 17 Apr",50 Victoria Street,,TFL TRAVEL CH\VICTORIA STREET\TFL.GOV.UK/CP\SW1H 0TL     GBR,,-5.00,
tx_0000A6PjlCNO7jD8DlTatt,19/04/2021,19:35:55,Card payment,Mother Foods,,Groceries,-0.99,GBP,-0.99,GBP,,34 Langstone Way,,MOTHER GROUP LIMITED   LONDON        GBR,,-0.99,
tx_0000A6PrhPW47vUSTU9sLS,19/04/2021,21:04:52,Card payment,Tesco,üçè ,Groceries,-8.49,GBP,-8.49,GBP,,Caledonian Road,,TESCO STORES 6187      LONDON        GBR,,-8.49,
tx_0000A6PrhRQp0OQ7djfAMT,19/04/2021,21:04:52,Pot transfer,Savings Pot,,,-0.51,GBP,-0.51,GBP,,,,Round up,,-0.51,
tx_0000A6R2PLoaRVfxWe4PjN,20/04/2021,10:39:34,Card payment,Boots,üíä,General,-11.49,GBP,-11.49,GBP,,128 Gloucester Road,,BOOTS 0730             LONDON        GBR,,-11.49,
tx_0000A6R2PPVEjP3HQc8LGj,20/04/2021,10:39:35,Pot transfer,Savings Pot,,,-0.51,GBP,-0.51,GBP,,,,Round up,,-0.51,
tx_0000A6REAPpuPNRrZJQ3Xt,20/04/2021,12:51:20,Card payment,Grababite,üç¥,Eating out,-4.50,GBP,-4.50,GBP,,Claremont Lane Claremont,,SumUp  *GrabABite      Esher         GBR,,-4.50,
tx_0000A6REAV3D1LgThn9oEj,20/04/2021,12:51:21,Pot transfer,Savings Pot,,,-0.50,GBP,-0.50,GBP,,,,Round up,,-0.50,
tx_0000A6RktzdLMHNs7XnNrd,20/04/2021,18:58:08,Card payment,Sainsbury's,üçè,Groceries,-1.00,GBP,-1.00,GBP,,472A Caledonian Road,,SAINSBURYS SACAT(4205) STATION ROAD  GBR,,-1.00,
tx_0000A6Svrlv6fQ3NN1tDnt,21/04/2021,08:35:41,Card payment,Transport for London,üöá,Transport,-5.00,GBP,-5.00,GBP,"Travel charge for Tuesday, 20 Apr",50 Victoria Street,,TFL TRAVEL CH\VICTORIA STREET\TFL.GOV.UK/CP\SW1H 0TL     GBR,,-5.00,
tx_0000A6Sz9lDqIeXZpamlF3,21/04/2021,09:12:33,Card payment,Lidl,ü•ñ,Groceries,-0.22,GBP,-0.22,GBP,,422-434 Holloway Road,,LIDL GB LONDON         LONDON        GBR,,-0.22,
tx_0000A6T1M2cnci9xvlth45,21/04/2021,09:37:11,Card payment,Tesco,üçè ,Groceries,-1.90,GBP,-1.90,GBP,,Caledonian Road,,TESCO STORES 6187      LONDON        GBR,,-1.90,
tx_0000A6T1M6VrASyzzOgCnZ,21/04/2021,09:37:12,Pot transfer,Savings Pot,,,-0.10,GBP,-0.10,GBP,,,,Round up,,-0.10,
tx_0000A6TWup2nCnHMSgU47G,21/04/2021,15:30:50,Card payment,Mother Foods,,Groceries,-0.99,GBP,-0.99,GBP,,34 Langstone Way,,MOTHER GROUP LIMITED   LONDON        GBR,,-0.99,
tx_0000A6U8QVoDx7fk2w0kOP,21/04/2021,22:31:09,Card payment,Mother Foods,,Groceries,-0.80,GBP,-0.80,GBP,,34 Langstone Way,,MOTHER GROUP LIMITED   LONDON        GBR,,-0.80,
tx_0000A6VKgeGteNkJxkdRy5,22/04/2021,12:23:14,Card payment,Kafeteryam Sandwich Bar,ü•™,Eating out,-4.50,GBP,-4.50,GBP,,Caledonian Road,,KAFETERYAM SANDWICH BA LONDON        GBR,,-4.50,
tx_0000A6VKgiWzoSpwC7pkvb,22/04/2021,12:23:14,Pot transfer,Savings Pot,,,-0.50,GBP,-0.50,GBP,,,,Round up,,-0.50,
tx_0000A6VWtDJEPDuZgyCFrF,22/04/2021,14:39:58,Card payment,Tesco,üçè ,Groceries,-1.80,GBP,-1.80,GBP,,Caledonian Road,,TESCO STORES 6187      LONDON        GBR,,-1.80,
tx_0000A6VWtG6E222k6qGPwH,22/04/2021,14:39:58,Pot transfer,Savings Pot,,,-0.20,GBP,-0.20,GBP,,,,Round up,,-0.20,
tx_0000A6VzmUTr3ua2TXEheb,22/04/2021,20:03:42,Card payment,https://roofeast.menuc,,Eating out,-8.00,GBP,-8.00,GBP,,Stratford Multi Storey Ca,,HTTPS://ROOFEAST.MENUC LONDON  E15   GBR,,-8.00,
tx_0000A6X9XWNytD4xcW9eF7,23/04/2021,09:27:45,Card payment,Transport for London,üöá,Transport,-3.00,GBP,-3.00,GBP,"Travel charge for Thursday, 22 Apr",50 Victoria Street,,TFL TRAVEL CH\VICTORIA STREET\TFL.GOV.UK/CP\SW1H 0TL     GBR,,-3.00,
tx_0000A6XzRi41kjADibN5ZR,23/04/2021,19:09:21,Card payment,Mother Foods,,Groceries,-0.99,GBP,-0.99,GBP,,34 Langstone Way,,MOTHER GROUP LIMITED   LONDON        GBR,,-0.99,
tx_0000A6ZMSmlIGPWG0XjRvX,24/04/2021,11:01:59,Card payment,Sainsbury's,üçè,Groceries,-2.25,GBP,-2.25,GBP,,472A Caledonian Road,,SAINSBURYS SACAT(4205) STATION ROAD  GBR,,-2.25,
tx_0000A6ZMSrFvYSX4h4t9g9,24/04/2021,11:02:00,Pot transfer,Savings Pot,,,-0.75,GBP,-0.75,GBP,,,,Round up,,-0.75,
tx_0000A6ZhirVGV71D8EXFbv,24/04/2021,15:00:11,Card payment,Selecta UK,üßÉüç´,Groceries,-0.90,GBP,-0.90,GBP,,,,SELECTA UK GBP         BASINGSTOKE   GBR,,-0.90,
tx_0000A6ZscDjCZPeI9I3g3u,24/04/2021,17:02:15,Card payment,Selecta UK,üßÉüç´,Groceries,-0.90,GBP,-0.90,GBP,,,,SELECTA UK GBP         BASINGSTOKE   GBR,,-0.90,
tx_0000A6a4kScOI9X5iuTmML,24/04/2021,19:18:12,Card payment,Tesco,üçè ,Groceries,-0.25,GBP,-0.25,GBP,,87-93 Gloucester Road,,TESCO STORES           LONDON        GBR,,-0.25,
tx_0000A6a7ntsRhSyy6iNGxm,24/04/2021,19:52:26,Card payment,Tesco,üçè ,Groceries,-3.40,GBP,-3.40,GBP,,Caledonian Road,,TESCO STORES 6187      LONDON        GBR,,-3.40,
tx_0000A6a7nzC7vihEbCcYpl,24/04/2021,19:52:27,Pot transfer,Savings Pot,,,-0.60,GBP,-0.60,GBP,,,,Round up,,-0.60,
tx_0000A6biolbnomGrQbRcaw,25/04/2021,14:21:53,Card payment,Iceland,üçè,Groceries,-10.19,GBP,-10.19,GBP,,259A CALEDONIAN ROAD,,ICELAND                CALEDONIAN RD GBR,,-10.19,
tx_0000A6bioqVxZvqH50udla,25/04/2021,14:21:54,Pot transfer,Savings Pot,,,-0.81,GBP,-0.81,GBP,,,,Round up,,-0.81,
tx_0000A6bkUp4vPLm3XUUR05,25/04/2021,14:40:42,Card payment,Sainsbury's,üçè,Groceries,-3.90,GBP,-3.90,GBP,,472A Caledonian Road,,SAINSBURYS SACAT(4205) STATION ROAD  GBR,,-3.90,
tx_0000A6bkUsdmAFWAV5Ls3f,25/04/2021,14:40:42,Pot transfer,Savings Pot,,,-0.10,GBP,-0.10,GBP,,,,Round up,,-0.10,
tx_0000A6cnOZqtbG2jbBbLAP,26/04/2021,02:47:53,Card payment,Transport for London,üöá,Transport,-5.00,GBP,-5.00,GBP,"Travel charge for Saturday, 24 Apr",50 Victoria Street,,TFL TRAVEL CH\VICTORIA STREET\TFL.GOV.UK/CP\SW1H 0TL     GBR,,-5.00,
tx_0000A6dnc3YqeHZWCcTm3I,26/04/2021,14:25:02,Card payment,Sainsbury's,üçè,Groceries,-2.70,GBP,-2.70,GBP,,472A Caledonian Road,,SAINSBURYS SACAT(4205) STATION ROAD  GBR,,-2.70,
tx_0000A6dnc8ssrCgDEhyJUX,26/04/2021,14:25:03,Pot transfer,Savings Pot,,,-0.30,GBP,-0.30,GBP,,,,Round up,,-0.30,
tx_0000A6e4ujzdKAkrAfKCBt,26/04/2021,17:38:54,Card payment,Mother Foods,,Groceries,-0.99,GBP,-0.99,GBP,,34 Langstone Way,,MOTHER GROUP LIMITED   LONDON        GBR,,-0.99,
tx_0000A6e9lvZPPZaumi15oQ,26/04/2021,18:33:20,Faster payment,Luca Mehl,,Charity,-5.00,GBP,-5.00,GBP,Charity to friend,,,Charity to friend,,-5.00,
tx_0000A6fTNMGzBbzteLq24H,27/04/2021,09:47:42,Card payment,Sainsbury's,üçè,Groceries,-2.00,GBP,-2.00,GBP,,472A Caledonian Road,,SAINSBURYS SACAT(4205) STATION ROAD  GBR,,-2.00,
tx_0000A6fuAQi84aB0LXa7fe,27/04/2021,14:47:54,Card payment,Selecta UK,üßÉüç´,Groceries,-0.90,GBP,-0.90,GBP,,,,SELECTA UK GBP         BASINGSTOKE   GBR,,-0.90,
tx_0000A6g1Fy7XyybVU8pWwD,27/04/2021,16:07:20,Card payment,College Cafe,‚òïÔ∏èüìö,Eating out,-2.85,GBP,-2.85,GBP,,London,,IMPERIAL COLLEGE LONDO LONDON        GBR,,-2.85,
tx_0000A6g1G2qiOyqAyv1T4D,27/04/2021,16:07:21,Pot transfer,Savings Pot,,,-0.15,GBP,-0.15,GBP,,,,Round up,,-0.15,
tx_0000A6g6LwUxQWLaaVlw6j,27/04/2021,17:04:27,Card payment,Selecta UK,üßÉüç´,Groceries,-1.20,GBP,-1.20,GBP,,,,SELECTA UK GBP         BASINGSTOKE   GBR,,-1.20,
tx_0000A6g6Lza1y7B57x4cGP,27/04/2021,17:04:27,Pot transfer,Savings Pot,,,-0.80,GBP,-0.80,GBP,,,,Round up,,-0.80,
tx_0000A6gNqdgx67KLpeHWAz,27/04/2021,20:20:28,Card payment,Tesco,üçè ,Groceries,-5.10,GBP,-5.10,GBP,,Caledonian Road,,TESCO STORES 6187      LONDON        GBR,,-5.10,
tx_0000A6gNqgQOw5qHuqn1X7,27/04/2021,20:20:29,Pot transfer,Savings Pot,,,-0.90,GBP,-0.90,GBP,,,,Round up,,-0.90,
tx_0000A6gjyzPWQfw0y9wsWf,28/04/2021,00:28:30,Card payment,TfL Travel Charge,üöÜ,Transport,-5.00,GBP,-5.00,GBP,,,,TfL Travel Charge      TFL.gov.uk/CP GBR,,-5.00,
tx_0000A6iHdhLNzreLVa9kWn,28/04/2021,18:20:20,Card payment,Deliveroo,üç¥üö≤,Eating out,-7.65,GBP,-7.65,GBP,,,,DELIVEROO.CO.UK        +442036999977 GBR,,-7.65,
tx_0000A6iHdla4FDC6qvknXV,28/04/2021,18:20:20,Pot transfer,Savings Pot,,,-0.35,GBP,-0.35,GBP,,,,Round up,,-0.35,
tx_0000A6jn9cbSRx8sktAlpB,29/04/2021,11:48:10,Card payment,Sainsbury's,üçè,Groceries,-1.10,GBP,-1.10,GBP,,472A Caledonian Road,,SAINSBURYS SACAT(4205) STATION ROAD  GBR,,-1.10,
tx_0000A6jn9hKyqcsR2BW7ub,29/04/2021,11:48:11,Pot transfer,Savings Pot,,,-0.90,GBP,-0.90,GBP,,,,Round up,,-0.90,
tx_0000A6jpsgGdsAiF3k39e5,29/04/2021,12:18:43,Card payment,Boots,üíä,General,-3.69,GBP,-3.69,GBP,,128 Gloucester Road,,BOOTS 0730             LONDON        GBR,,-3.69,
tx_0000A6jpslX8IGv8avbzuM,29/04/2021,12:18:44,Pot transfer,Savings Pot,,,-0.31,GBP,-0.31,GBP,,,,Round up,,-0.31,
tx_0000A6k6bfGe2GehVuNsAL,29/04/2021,15:26:08,Card payment,College Cafe,‚òïÔ∏èüìö,Eating out,-0.63,GBP,-0.63,GBP,,London,,IMPERIAL COLLEGE LONDO LONDON        GBR,,-0.63,
tx_0000A6kPDgBYrwqaGopO0P,29/04/2021,18:54:41,Card payment,Sainsbury's,üçè,Groceries,-4.10,GBP,-4.10,GBP,,472A Caledonian Road,,SAINSBURYS SACAT(4205) STATION ROAD  GBR,,-4.10,
tx_0000A6kPDkMhKUElMNn985,29/04/2021,18:54:42,Pot transfer,Savings Pot,,,-0.90,GBP,-0.90,GBP,,,,Round up,,-0.90,
tx_0000A6leKxeg0blRBctRw1,30/04/2021,09:18:47,Card payment,Transport for London,üöá,Transport,-5.00,GBP,-5.00,GBP,"Travel charge for Thursday, 29 Apr",50 Victoria Street,,TFL TRAVEL CH\VICTORIA STREET\TFL.GOV.UK/CP\SW1H 0TL     GBR,,-5.00,
tx_0000A6mHOFJehNyCvnmfGD,30/04/2021,16:36:23,Card payment,Tesco,üçè ,Groceries,-17.35,GBP,-17.35,GBP,,Caledonian Road,,TESCO STORES 6187      LONDON        GBR,,-17.35,
tx_0000A6mHOJjKHskXmglIor,30/04/2021,16:36:24,Pot transfer,Savings Pot,,,-0.65,GBP,-0.65,GBP,,,,Round up,,-0.65,
tx_0000A6o25QUtnCdz6xWyUT,01/05/2021,12:54:20,Card payment,College Cafe,‚òïÔ∏èüìö,Eating out,-3.85,GBP,-3.85,GBP,,London,,IMPERIAL COLLEGE LONDO LONDON        GBR,,-3.85,
tx_0000A6o25VAARhvVSF9BA1,01/05/2021,12:54:20,Pot transfer,Savings Pot,,,-0.15,GBP,-0.15,GBP,,,,Round up,,-0.15,
tx_0000A6o4kBPQziVGCyN4SX,01/05/2021,13:24:06,Card payment,College Cafe,‚òïÔ∏èüìö,Eating out,-0.78,GBP,-0.78,GBP,,London,,IMPERIAL COLLEGE LONDO LONDON        GBR,,-0.78,
tx_0000A6oR8vwTprk6cJfzYf,01/05/2021,17:35:05,Card payment,Tesco,üçè ,Groceries,-1.90,GBP,-1.90,GBP,,Caledonian Road,,TESCO STORES 6187      LONDON        GBR,,-1.90,
tx_0000A6oR91BYLFUvXUaGzR,01/05/2021,17:35:06,Pot transfer,Savings Pot,,,-0.10,GBP,-0.10,GBP,,,,Round up,,-0.10,
tx_0000A6r81gNG0I1vgXhPI9,03/05/2021,00:45:01,Card payment,Transport for London,üöá,Transport,-5.00,GBP,-5.00,GBP,"Travel charge for Saturday, 1 May",50 Victoria Street,,TFL TRAVEL CH\VICTORIA STREET\TFL.GOV.UK/CP\SW1H 0TL     GBR,,-5.00,
tx_0000A6s9EpuS9laXEeaogj,03/05/2021,12:33:19,Card payment,Tesco,üçè ,Groceries,-6.90,GBP,-6.90,GBP,,Caledonian Road,,TESCO STORES 6187      LONDON        GBR,,-6.90,
tx_0000A6s9Evw5kbcg5ux7p3,03/05/2021,12:33:19,Pot transfer,Savings Pot,,,-0.10,GBP,-0.10,GBP,,,,Round up,,-0.10,
tx_0000A6s9U5ptE12vjABImn,03/05/2021,12:36:04,Card payment,Sainsbury's,üçè,Groceries,-0.50,GBP,-0.50,GBP,,472A Caledonian Road,,SAINSBURYS SACAT(4205) STATION ROAD  GBR,,-0.50,
tx_0000A6uRniXVjldlcy28e3,04/05/2021,15:10:44,Faster payment,Sabhya Jain,,Charity,-5.50,GBP,-5.50,GBP,Charity to friend,,,Charity to friend,,-5.50,
tx_0000A6uRvYCO4F7hV2Z9hB,04/05/2021,15:12:08,Faster payment,Aadit Sheth,,Charity,-1.90,GBP,-1.90,GBP,Aadit Sheth,,,Aadit Sheth,,-1.90,
